Punta Arenas,Chile
Sakarya,Turkey
Surat,India
Los Lagos,Chile
Accra,Ghana
Bremerhaven,Germany
Galway,Ireland
Accra,Ghana
Hamburg,Germany
Berlin,Germany
Bremerhaven,Germany
São Vicente,Brazil
College Park,United States of America
Quezon City,Philippines
LISBON,Portugal
Galway,Ireland
Bremerhaven,Germany
Bremen,Germany
Hamburg,Germany
Norfolk,United States of America
Utrecht,The Netherlands
Berlin,Germany
Galway,Ireland
Aalborg,Denmark
Bremerhaven,Germany
Plymouth,United Kingdom
Algiers,Algeria
Bremerhaven,Germany
Reduit,Mauritius
Nairobi,Kenia
Durban,Republic of South Africa
Bogotá,Columbia
Barcelona,Spain
Buenos Aires,Argentinia
Havana,Cuba
Hamburg,Germany
Haifa,Israel
Bremerhaven,Germany
Bremerhaven,Germany
Aarhus,Denmark
Rondebosch,Republic of South Africa
Cuiabá,Brasil
Bremerhaven,Germany
