City,Country
Bremen,Germany
Bremerhaven,Germany
Bremerhaven,Germany
Bremerhaven,Germany
Bremen,Germany
Bremerhaven,Germany
Bremerhaven,Germany
Bremerhaven,Germany
Bremen,Germany
Bremen,Germany
Bremerhaven,Germany
Bremerhaven,Germany
Bremerhaven,Germany
Bremen,Germany
Bremerhaven,Germany
Berlin,Germany
Bremerhaven,Germany
Bremerhaven,Germany
Bremerhaven,Germany
Bremerhaven,Germany
Bremerhaven,Germany
Bremen,Germany
Bremerhaven,Germany
Bremerhaven,Germany
Bremerhaven,Germany
Bremen,Germany
Bremerhaven,Germany
Bremen,Germany
Bremen,Germany
Bremerhaven,Germany
Berlin,Germany
Bremen,Germany
Bremerhaven,Germany
Bremen,Germany